{
    // Используйте IntelliSense, чтобы узнать о возможных атрибутах.
    // Наведите указатель мыши, чтобы просмотреть описания существующих атрибутов.
    // Для получения дополнительной информации посетите: https://go.microsoft.com/fwlink/?linkid=830387
    "version": "0.2.0",
    "configurations": [

        {
            "name": "Debug",
            "type": "cppdbg",
            "request": "launch",
            "program": "${workspaceFolder}/lab1.exe",
            "args": [],
            "stopAtEntry": false,
            "cwd": "${workspaceFolder}",
            "sourceFileMap": {},
            "environment": [
                {
                    "name": "PATH",
                    "value": "C:\\Users\\yuliitezary\\AppData\\Local\\Programs\\CLion\\bin\\mingw\\bin;${env:PATH}"
                }
            ],
            "externalConsole": true,
            "MIMode": "gdb",
            "miDebuggerPath": "C:\\Users\\yuliitezary\\AppData\\Local\\Programs\\CLion\\bin\\gdb\\win\\x64\\bin\\gdb.exe",
            "setupCommands": [
                {
                    "description": "Enable pretty-printing for gdb",
                    "text": "-enable-pretty-printing",
                    "ignoreFailures": true
                }
            ],
            "preLaunchTask": "build"
        }
    ]
}